SMILES,title,i_i_glide_lignum,docking_status,r_glide_cpu_time,r_i_docking_score,s_i_glide_gridfile,r_i_glide_gscore,r_i_glide_lipo,r_i_glide_hbond,r_i_glide_metal,r_i_glide_rewards,r_i_glide_evdw,r_i_glide_ecoul,r_i_glide_erotb,r_i_glide_esite,r_i_glide_emodel,r_i_glide_energy,r_i_glide_einternal
N[C@@H](CCC(=O)N[C@@H](CS)C(=O)NCC(=O)[O-])C(=O)[O-],"",1,Done,31.81,-5.85144,"GPX_Neisseria-meningitidis",-5.85144,-0.823624,-0.406475,-0,-2.49758,-21.5786,-14.6975,1.24733,-0.087529,-55.101,-36.2761,9.19046
N[C@@H](CCC(=O)N[C@@H](CS)C(=O)NCC(=O)[O-])C(=O)[O-],"",1,Done,31.81,-6.08384,"GPX_Neisseria-meningitidis",-6.08384,-1.02975,-0.507138,-0,-2.63905,-21.8489,-13.3073,1.24733,-0.0666954,-54.4601,-35.1562,9.93644
N[C@@H](CCC(=O)N[C@@H](CS)C(=O)NCC(=O)[O-])C(=O)[O-],"",1,Done,31.81,-5.88342,"GPX_Neisseria-meningitidis",-5.88342,-0.824006,-0.445071,-0,-2.47975,-21.411,-14.8345,1.24733,-0.0861969,-54.2269,-36.2455,11.1365
N[C@@H](CCC(=O)N[C@@H](CS)C(=O)NCC(=O)[O-])C(=O)[O-],"",1,Done,31.81,-5.8179,"GPX_Neisseria-meningitidis",-5.8179,-0.652586,-0.545504,-0,-2.3651,-20.0271,-16.0541,1.24733,-0.0925765,-53.2676,-36.0812,12.1994
N[C@@H](CCC(=O)N[C@@H](CS)C(=O)NCC(=O)[O-])C(=O)[O-],"",1,Done,31.81,-5.95305,"GPX_Neisseria-meningitidis",-5.95305,-0.612146,-0.539143,-0,-2.49112,-20.9512,-16.1127,1.24733,-0.0935157,-53.0057,-37.0638,15.7723
N[C@@H](CCC(=O)N[C@@H](CS)C(=O)NCC(=O)[O-])C(=O)[O-],"",1,Done,31.82,-5.58496,"GPX_Neisseria-meningitidis",-5.58496,-0.897019,-0.295013,-0,-2.62537,-23.3228,-11.9067,1.24733,-0.0627409,-51.0445,-35.2295,13.0289
N[C@@H](CCC(=O)N[C@@H](CS)C(=O)NCC(=O)[O-])C(=O)[O-],"",1,Done,31.82,-5.73307,"GPX_Neisseria-meningitidis",-5.73307,-0.619975,-0.510086,-0,-2.39674,-20.1293,-15.7075,1.24733,-0.0910166,-50.5497,-35.8368,16.4618
N[C@@H](CCC(=O)N[C@@H](CS)C(=O)NCC(=O)[O-])C(=O)[O-],"",1,Done,31.82,-5.58436,"GPX_Neisseria-meningitidis",-5.58436,-0.813456,-0.476602,-0,-2.51749,-19.631,-13.005,1.24733,-0.0918335,-48.2268,-32.636,13.5215
N[C@@H](CCC(=O)N[C@@H](CS)C(=O)NCC(=O)[O-])C(=O)[O-],"",1,Done,31.82,-4.17027,"GPX_Neisseria-meningitidis",-4.17027,-0.936784,-0.509105,-0,-2.08834,-24.7987,-7.54615,1.7819,-0.0460822,-47.429,-32.3449,3.19593
N[C@@H](CCC(=O)N[C@@H](CS)C(=O)NCC(=O)[O-])C(=O)[O-],"",1,Done,31.83,-4.59602,"GPX_Neisseria-meningitidis",-4.59602,-0.922833,-0.755299,-0,-2.03627,-23.0388,-9.87069,1.7819,-0.0309729,-47.2577,-32.9095,8.07059
N[C@@H](CCC(=O)N[C@@H](CS)C(=O)NCC(=O)[O-])C(=O)[O-],"",1,Done,31.83,-4.16763,"GPX_Neisseria-meningitidis",-4.16763,-0.42979,-0.77327,-0,-2.16411,-21.9403,-9.70309,1.7819,-0.0298843,-46.3505,-31.6434,3.94757
N[C@@H](CCC(=O)N[C@@H](CS)C(=O)NCC(=O)[O-])C(=O)[O-],"",1,Done,31.83,-5.14351,"GPX_Neisseria-meningitidis",-5.14351,-0.802733,-0.358354,-0,-2.5375,-21.8977,-10.0931,1.24733,-0.0833998,-46.321,-31.9909,12.4561
N[C@@H](CCC(=O)N[C@@H](CS)C(=O)NCC(=O)[O-])C(=O)[O-],"",1,Done,31.83,-4.73963,"GPX_Neisseria-meningitidis",-4.73963,-0.157207,-0.362803,-0,-2.35645,-16.5553,-14.8709,1.24733,-0.052103,-46.0122,-31.4262,8.77004
N[C@@H](CCC(=O)N[C@@H](CS)C(=O)NCC(=O)[O-])C(=O)[O-],"",1,Done,31.84,-5.14545,"GPX_Neisseria-meningitidis",-5.14545,-0.364706,-0.539854,-0,-2.54757,-19.8297,-12.3452,1.24733,-0.0973898,-45.7402,-32.1749,14.0562
N[C@@H](CCC(=O)N[C@@H](CS)C(=O)NCC(=O)[O-])C(=O)[O-],"",1,Done,31.84,-3.8986,"GPX_Neisseria-meningitidis",-3.8986,-0.230548,-0.22334,-0,-2.03235,-21.5808,-13.5798,1.7819,-0.0782671,-45.5521,-35.1605,10.4261
N[C@@H](CCC(=O)N[C@@H](CS)C(=O)NCC(=O)[O-])C(=O)[O-],"",1,Done,31.84,-4.81425,"GPX_Neisseria-meningitidis",-4.81425,-0.533859,-0.678836,-0,-1.87655,-20.9567,-15.5969,1.7819,-0.119529,-45.5127,-36.5537,20.6211
N[C@@H](CCC(=O)N[C@@H](CS)C(=O)NCC(=O)[O-])C(=O)[O-],"",1,Done,31.84,-4.08711,"GPX_Neisseria-meningitidis",-4.08711,-0.780249,-0.393666,-0,-2.05272,-25.4951,-8.87463,1.7819,-0.0364194,-44.8554,-34.3698,11.666
N[C@@H](CCC(=O)N[C@@H](CS)C(=O)NCC(=O)[O-])C(=O)[O-],"",1,Done,31.85,-4.39059,"GPX_Neisseria-meningitidis",-4.39059,-0.897004,-0.394127,-0,-2.04031,-19.5675,-12.0697,1.7819,-0.0522233,-44.8147,-31.6372,8.63936
N[C@@H](CCC(=O)N[C@@H](CS)C(=O)NCC(=O)[O-])C(=O)[O-],"",1,Done,31.85,-4.66521,"GPX_Neisseria-meningitidis",-4.66521,-0.941189,-0.709396,-0,-2.0319,-20.1476,-11.5632,1.7819,-0.0227693,-44.7624,-31.7108,11.0042
N[C@@H](CCC(=O)N[C@@H](CS)C(=O)NCC(=O)[O-])C(=O)[O-],"",1,Done,31.85,-4.12918,"GPX_Neisseria-meningitidis",-4.12918,-0.973176,-0.549007,-0,-2.02677,-23.9573,-7.52764,1.7819,-0.0351193,-44.452,-31.4849,7.11813
N[C@@H](CCC(=O)N[C@@H](CS)C(=O)NCC(=O)[O-])C(=O)[O-],"",1,Done,31.85,-4.62027,"GPX_Neisseria-meningitidis",-4.62027,-1.0914,-0.72523,-0,-2.07942,-21.65,-9.15418,1.7819,-0.0504993,-44.1228,-30.8042,10.3366
N[C@@H](CCC(=O)N[C@@H](CS)C(=O)NCC(=O)[O-])C(=O)[O-],"",1,Done,31.86,-3.91688,"GPX_Neisseria-meningitidis",-3.91688,-0.669006,-0.339296,-0,-1.65183,-17.5432,-13.9879,1.7819,-0.0633116,-44.0565,-31.5311,6.30552
N[C@@H](CCC(=O)N[C@@H](CS)C(=O)NCC(=O)[O-])C(=O)[O-],"",1,Done,31.86,-4.23222,"GPX_Neisseria-meningitidis",-4.23222,-0.970449,-0.536773,-0,-2.15917,-23.6364,-7.77276,1.7819,0,-43.5092,-31.4092,9.67969
N[C@@H](CCC(=O)N[C@@H](CS)C(=O)NCC(=O)[O-])C(=O)[O-],"",1,Done,31.86,-4.07207,"GPX_Neisseria-meningitidis",-4.07207,-0.409246,-0.469,-0,-2.01427,-19.6099,-12.6114,1.7819,-0.089243,-43.2776,-32.2214,10.464
N[C@@H](CCC(=O)N[C@@H](CS)C(=O)NCC(=O)[O-])C(=O)[O-],"",1,Done,31.86,-4.37724,"GPX_Neisseria-meningitidis",-4.37724,-0.250074,-0.216887,-0,-2.41921,-20.1587,-11.247,1.24733,-0.043408,-42.9914,-31.4057,11.8592
N[C@@H](CCC(=O)N[C@@H](CS)C(=O)NCC(=O)[O-])C(=O)[O-],"",1,Done,31.87,-4.11788,"GPX_Neisseria-meningitidis",-4.11788,-1.03268,-0.48833,-0,-2.09963,-23.8169,-7.25531,1.7819,0,-42.7889,-31.0722,9.52733
N[C@@H](CCC(=O)N[C@@H](CS)C(=O)NCC(=O)[O-])C(=O)[O-],"",1,Done,31.87,-3.84187,"GPX_Neisseria-meningitidis",-3.84187,-0.852925,-0.335433,-0,-1.71215,-20.8983,-10.6173,1.7819,-0.0857605,-42.6685,-31.5156,8.43676
N[C@@H](CCC(=O)N[C@@H](CS)C(=O)NCC(=O)[O-])C(=O)[O-],"",1,Done,31.87,-5.10459,"GPX_Neisseria-meningitidis",-5.10459,-0.559823,-0.68,-0,-2.59052,-23.665,-8.33709,1.24733,-0.0877654,-42.5642,-32.0021,19.6979
N[C@@H](CCC(=O)N[C@@H](CS)C(=O)NCC(=O)[O-])C(=O)[O-],"",1,Done,31.87,-3.70633,"GPX_Neisseria-meningitidis",-3.70633,-0.95608,-0.255424,-0,-1.97492,-22.8167,-7.52184,1.7819,-0.0327008,-42.1782,-30.3385,5.98172
N[C@@H](CCC(=O)N[C@@H](CS)C(=O)NCC(=O)[O-])C(=O)[O-],"",1,Done,31.88,-4.32655,"GPX_Neisseria-meningitidis",-4.32655,-0.657556,-0.818746,-0,-1.98332,-15.7695,-11.9597,1.7819,-0.0663995,-41.9045,-27.7292,6.28545
N[C@@H](CCC(=O)N[C@@H](CS)C(=O)NCC(=O)[O-])C(=O)[O-],"",1,Done,31.88,-3.59676,"GPX_Neisseria-meningitidis",-3.59676,-0.805596,-0.268662,-0,-1.85784,-20.5279,-8.99475,1.7819,-0.0709499,-41.7307,-29.5227,4.3773
N[C@@H](CCC(=O)N[C@@H](CS)C(=O)NCC(=O)[O-])C(=O)[O-],"",1,Done,31.88,-4.06897,"GPX_Neisseria-meningitidis",-4.06897,-0.335464,-0.17147,-0,-2.38689,-19.4685,-9.28599,1.24733,-0.0561474,-41.2312,-28.7545,7.61892
N[C@@H](CCC(=O)N[C@@H](CS)C(=O)NCC(=O)[O-])C(=O)[O-],"",1,Done,31.89,-3.50027,"GPX_Neisseria-meningitidis",-3.50027,-0.375626,-0.500256,-0,-1.72953,-20.4563,-10.6783,1.7819,-0.0522074,-40.8808,-31.1346,8.51736
N[C@@H](CCC(=O)N[C@@H](CS)C(=O)NCC(=O)[O-])C(=O)[O-],"",1,Done,31.89,-3.73722,"GPX_Neisseria-meningitidis",-3.73722,-0.617395,-0.747566,-0,-1.65444,-16.8839,-10.6612,1.7819,-0.0563458,-40.4907,-27.5451,4.02041
N[C@@H](CCC(=O)N[C@@H](CS)C(=O)NCC(=O)[O-])C(=O)[O-],"",1,Done,31.89,-3.64664,"GPX_Neisseria-meningitidis",-3.64664,-0.763963,-0.445151,-0,-1.98181,-19.5076,-8.15562,1.7819,-0.0388961,-40.4443,-27.6632,3.60814
N[C@@H](CCC(=O)N[C@@H](CS)C(=O)NCC(=O)[O-])C(=O)[O-],"",1,Done,31.89,-3.25356,"GPX_Neisseria-meningitidis",-3.25356,-0.107157,-0.31819,-0,-1.71864,-16.0833,-13.5293,1.7819,-0.0579204,-40.3556,-29.6126,4.55945
N[C@@H](CCC(=O)N[C@@H](CS)C(=O)NCC(=O)[O-])C(=O)[O-],"",1,Done,31.9,-3.40024,"GPX_Neisseria-meningitidis",-3.40024,-0.373102,-0.442514,-0,-1.74393,-17.5031,-11.2909,1.7819,-0.0537978,-40.2323,-28.7941,4.3437
N[C@@H](CCC(=O)N[C@@H](CS)C(=O)NCC(=O)[O-])C(=O)[O-],"",1,Done,31.9,-3.64721,"GPX_Neisseria-meningitidis",-3.64721,-0.808837,-0.276795,-0,-1.88058,-21.1226,-8.89003,1.7819,-0.0732673,-39.8862,-30.0127,9.44977
N[C@@H](CCC(=O)N[C@@H](CS)C(=O)NCC(=O)[O-])C(=O)[O-],"",1,Done,31.9,-3.88974,"GPX_Neisseria-meningitidis",-3.88974,-0.982383,-0.257801,-0,-2.05975,-21.2618,-8.57308,1.7819,-0.022659,-39.7696,-29.8349,11.2613
N[C@@H](CCC(=O)N[C@@H](CS)C(=O)NCC(=O)[O-])C(=O)[O-],"",1,Done,31.91,-3.24945,"GPX_Neisseria-meningitidis",-3.24945,-0.142173,-0.284029,-0,-1.72966,-17.3233,-13.031,1.7819,-0.0546774,-39.6943,-30.3543,7.33326
N[C@@H](CCC(=O)N[C@@H](CS)C(=O)NCC(=O)[O-])C(=O)[O-],"",1,Done,31.91,-3.57819,"GPX_Neisseria-meningitidis",-3.57819,-0.571872,-0.48,-0,-1.98055,-20.319,-8.53063,1.7819,-0.0321321,-39.6163,-28.8496,7.03491
N[C@@H](CCC(=O)N[C@@H](CS)C(=O)NCC(=O)[O-])C(=O)[O-],"",1,Done,31.91,-3.45256,"GPX_Neisseria-meningitidis",-3.45256,-0.843045,-0.28022,-0,-1.778,-22.1316,-7.93465,1.7819,-0.0364217,-39.311,-30.0662,9.14398
N[C@@H](CCC(=O)N[C@@H](CS)C(=O)NCC(=O)[O-])C(=O)[O-],"",1,Done,31.92,-3.39848,"GPX_Neisseria-meningitidis",-3.39848,-1.00473,-0.2,-0,-2.0209,-23.3526,-5.11839,1.7819,-0.0193692,-38.8136,-28.471,6.50903
N[C@@H](CCC(=O)N[C@@H](CS)C(=O)NCC(=O)[O-])C(=O)[O-],"",1,Done,31.92,-3.53655,"GPX_Neisseria-meningitidis",-3.53655,-0.825343,-0.2,-0,-1.8991,-22.1259,-8.38393,1.7819,-0.0301224,-38.5922,-30.5099,12.0857
N[C@@H](CCC(=O)N[C@@H](CS)C(=O)NCC(=O)[O-])C(=O)[O-],"",1,Done,31.92,-3.61429,"GPX_Neisseria-meningitidis",-3.61429,-0.791611,-0.519208,-0,-2.09841,-22.3792,-5.54325,1.7819,-0.0365201,-38.3356,-27.9224,8.09194
N[C@@H](CCC(=O)N[C@@H](CS)C(=O)NCC(=O)[O-])C(=O)[O-],"",1,Done,31.93,-3.39684,"GPX_Neisseria-meningitidis",-3.39684,-0.564389,-0.172388,-0,-2.33566,-23.6563,-5.85124,1.7819,-0.0458044,-38.3159,-29.5076,9.4356
N[C@@H](CCC(=O)N[C@@H](CS)C(=O)NCC(=O)[O-])C(=O)[O-],"",1,Done,31.93,-3.7843,"GPX_Neisseria-meningitidis",-3.7843,-0.882215,-0.554,-0,-1.90668,-17.3215,-8.74911,1.7819,-0.0448665,-38.2511,-26.0706,5.93334
N[C@@H](CCC(=O)N[C@@H](CS)C(=O)NCC(=O)[O-])C(=O)[O-],"",1,Done,31.93,-3.99054,"GPX_Neisseria-meningitidis",-3.99054,-0.913705,-0.761965,-0,-1.83696,-18.7761,-8.58893,1.7819,-0.0326711,-38.0583,-27.365,10.4622
N[C@@H](CCC(=O)N[C@@H](CS)C(=O)NCC(=O)[O-])C(=O)[O-],"",1,Done,31.93,-3.18047,"GPX_Neisseria-meningitidis",-3.18047,-0.399339,-0.44833,-0,-1.6952,-18.3124,-9.70906,1.7819,-0.0475235,-37.7668,-28.0215,5.96973
N[C@@H](CCC(=O)N[C@@H](CS)C(=O)NCC(=O)[O-])C(=O)[O-],"",1,Done,31.94,-3.77146,"GPX_Neisseria-meningitidis",-3.77146,-0.702171,-0.462086,-0,-1.91235,-17.0956,-10.3192,1.7819,-0.0740893,-37.4034,-27.4148,10.2105
N[C@@H](CCC(=O)N[C@@H](CS)C(=O)NCC(=O)[O-])C(=O)[O-],"",1,Done,31.94,-3.0101,"GPX_Neisseria-meningitidis",-3.0101,-0.307459,-0.36,-0,-1.83614,-20.8034,-7.91084,1.7819,-0.0616073,-37.3525,-28.7142,6.81795
N[C@@H](CCC(=O)N[C@@H](CS)C(=O)NCC(=O)[O-])C(=O)[O-],"",1,Done,31.94,-3.74214,"GPX_Neisseria-meningitidis",-3.74214,-0.641998,-0.574423,-0,-1.78567,-14.2253,-11.5582,1.7819,-0.0769534,-37.2609,-25.7836,7.00289
N[C@@H](CCC(=O)N[C@@H](CS)C(=O)NCC(=O)[O-])C(=O)[O-],"",1,Done,31.94,-3.67467,"GPX_Neisseria-meningitidis",-3.67467,-0.777194,-0.622768,-0,-1.82201,-16.887,-8.93097,1.7819,-0.05061,-37.2538,-25.8179,6.54573
N[C@@H](CCC(=O)N[C@@H](CS)C(=O)NCC(=O)[O-])C(=O)[O-],"",1,Done,31.95,-3.29977,"GPX_Neisseria-meningitidis",-3.29977,-0.567991,-0.2,-0,-2.24442,-20.526,-6.83017,1.7819,-0.0184392,-37.0259,-27.3562,7.06298
N[C@@H](CCC(=O)N[C@@H](CS)C(=O)NCC(=O)[O-])C(=O)[O-],"",1,Done,31.95,-3.75221,"GPX_Neisseria-meningitidis",-3.75221,-0.697765,-0.536365,-0,-1.85365,-14.8872,-10.817,1.7819,-0.0794191,-36.9865,-25.7042,7.4731
N[C@@H](CCC(=O)N[C@@H](CS)C(=O)NCC(=O)[O-])C(=O)[O-],"",1,Done,31.95,-3.59368,"GPX_Neisseria-meningitidis",-3.59368,-0.770605,-0.16,-0,-2.27024,-23.3694,-6.63092,1.7819,-0.0116299,-36.7995,-30.0003,15.1046
N[C@@H](CCC(=O)N[C@@H](CS)C(=O)NCC(=O)[O-])C(=O)[O-],"",1,Done,31.96,-3.39386,"GPX_Neisseria-meningitidis",-3.39386,-0.878772,-0.448983,-0,-2.05068,-22.1479,-4.59953,1.7819,0,-36.717,-26.7474,7.22536
N[C@@H](CCC(=O)N[C@@H](CS)C(=O)NCC(=O)[O-])C(=O)[O-],"",1,Done,31.96,-3.54479,"GPX_Neisseria-meningitidis",-3.54479,-0.725806,-0.390461,-0,-1.89335,-19.9741,-8.75905,1.7819,-0.00451494,-36.6623,-28.7332,12.4458
N[C@@H](CCC(=O)N[C@@H](CS)C(=O)NCC(=O)[O-])C(=O)[O-],"",1,Done,31.97,-3.75178,"GPX_Neisseria-meningitidis",-3.75178,-0.722473,-0.717716,-0,-1.94105,-18.191,-7.97516,1.7819,-0.0466111,-36.4382,-26.1662,9.48583
N[C@@H](CCC(=O)N[C@@H](CS)C(=O)NCC(=O)[O-])C(=O)[O-],"",1,Done,31.97,-3.32539,"GPX_Neisseria-meningitidis",-3.32539,-0.120529,-0.481636,-0,-1.45596,-16.0897,-14.1911,1.7819,-0.116013,-36.0905,-30.2808,14.9965
N[C@@H](CCC(=O)N[C@@H](CS)C(=O)NCC(=O)[O-])C(=O)[O-],"",1,Done,31.97,-3.65071,"GPX_Neisseria-meningitidis",-3.65071,-0.737988,-0.670849,-0,-1.95093,-19.7898,-7.00353,1.7819,-0.0328213,-36.0564,-26.7933,10.6939
N[C@@H](CCC(=O)N[C@@H](CS)C(=O)NCC(=O)[O-])C(=O)[O-],"",1,Done,31.98,-3.1101,"GPX_Neisseria-meningitidis",-3.1101,-0.602891,-0.378449,-0,-1.73912,-18.9137,-7.83332,1.7819,-0.0508571,-35.9419,-26.7471,6.49112
N[C@@H](CCC(=O)N[C@@H](CS)C(=O)NCC(=O)[O-])C(=O)[O-],"",1,Done,31.98,-3.55659,"GPX_Neisseria-meningitidis",-3.55659,-0.789787,-0.387829,-0,-1.91249,-20.3932,-8.18568,1.7819,-0.000873719,-35.8214,-28.5788,13.9868
N[C@@H](CCC(=O)N[C@@H](CS)C(=O)NCC(=O)[O-])C(=O)[O-],"",1,Done,31.99,-3.17988,"GPX_Neisseria-meningitidis",-3.17988,-0.742477,-0.207141,-0,-1.85431,-22.0646,-6.82307,1.7819,-0.0311629,-35.7634,-28.8876,11.7002
N[C@@H](CCC(=O)N[C@@H](CS)C(=O)NCC(=O)[O-])C(=O)[O-],"",1,Done,31.99,-3.44106,"GPX_Neisseria-meningitidis",-3.44106,-0.639736,-0.487576,-0,-1.7325,-13.6104,-10.9194,1.7819,-0.0447231,-35.7409,-24.5298,5.12517
N[C@@H](CCC(=O)N[C@@H](CS)C(=O)NCC(=O)[O-])C(=O)[O-],"",1,Done,32,-3.23519,"GPX_Neisseria-meningitidis",-3.23519,-0.815001,-0.236001,-0,-2.17443,-21.4721,-4.6648,1.7819,-0.018329,-35.6541,-26.137,6.85999
N[C@@H](CCC(=O)N[C@@H](CS)C(=O)NCC(=O)[O-])C(=O)[O-],"",1,Done,32,-3.68505,"GPX_Neisseria-meningitidis",-3.68505,-1.06198,-0.290451,-0,-2.04819,-19.176,-7.13362,1.7819,-0.0374889,-35.3984,-26.3096,11.2902
N[C@@H](CCC(=O)N[C@@H](CS)C(=O)NCC(=O)[O-])C(=O)[O-],"",1,Done,32,-3.69907,"GPX_Neisseria-meningitidis",-3.69907,-0.714844,-0.52,-0,-2.1019,-19.1288,-7.6685,1.7819,-0.0375095,-35.246,-26.7973,12.7152
N[C@@H](CCC(=O)N[C@@H](CS)C(=O)NCC(=O)[O-])C(=O)[O-],"",1,Done,32.01,-3.28764,"GPX_Neisseria-meningitidis",-3.28764,-0.871003,-0.2,-0,-1.96941,-21.5158,-6.14642,1.7819,-0.0313799,-35.2373,-27.6622,10.9611
N[C@@H](CCC(=O)N[C@@H](CS)C(=O)NCC(=O)[O-])C(=O)[O-],"",1,Done,32.01,-3.196,"GPX_Neisseria-meningitidis",-3.196,-0.307864,-0.318337,-0,-1.96471,-17.3171,-9.64099,1.7819,-0.0749906,-35.1227,-26.958,9.24964
N[C@@H](CCC(=O)N[C@@H](CS)C(=O)NCC(=O)[O-])C(=O)[O-],"",1,Done,32.01,-3.04494,"GPX_Neisseria-meningitidis",-3.04494,-0.720128,-0.333891,-0,-1.81304,-20.4615,-6.0454,1.7819,-0.0298895,-34.9503,-26.5069,7.48442
N[C@@H](CCC(=O)N[C@@H](CS)C(=O)NCC(=O)[O-])C(=O)[O-],"",1,Done,32.01,-3.14991,"GPX_Neisseria-meningitidis",-3.14991,-0.733963,-0.385535,-0,-1.95262,-18.4017,-6.02288,1.7819,-0.0361755,-34.5859,-24.4246,4.89261
N[C@@H](CCC(=O)N[C@@H](CS)C(=O)NCC(=O)[O-])C(=O)[O-],"",1,Done,32.01,-3.33595,"GPX_Neisseria-meningitidis",-3.33595,-0.593544,-0.52,-0,-1.70186,-12.9237,-10.6065,1.7819,-0.0652811,-34.5603,-23.5302,4.64561
N[C@@H](CCC(=O)N[C@@H](CS)C(=O)NCC(=O)[O-])C(=O)[O-],"",1,Done,32.02,-3.32106,"GPX_Neisseria-meningitidis",-3.32106,-0.594622,-0.511355,-0,-1.74218,-17.1526,-8.99008,1.7819,-0.0486668,-34.5206,-26.1426,9.78373
N[C@@H](CCC(=O)N[C@@H](CS)C(=O)NCC(=O)[O-])C(=O)[O-],"",1,Done,32.02,-3.25123,"GPX_Neisseria-meningitidis",-3.25123,-0.630303,-0.356535,-0,-1.84725,-16.5621,-8.92422,1.7819,-0.0322986,-34.4875,-25.4863,7.91464
N[C@@H](CCC(=O)N[C@@H](CS)C(=O)NCC(=O)[O-])C(=O)[O-],"",1,Done,32.02,-3.25562,"GPX_Neisseria-meningitidis",-3.25562,-0.684283,-0.408014,-0,-2.07659,-20.8142,-5.42294,1.7819,-0.0144909,-34.4468,-26.2371,9.60489
N[C@@H](CCC(=O)N[C@@H](CS)C(=O)NCC(=O)[O-])C(=O)[O-],"",1,Done,32.02,-3.23983,"GPX_Neisseria-meningitidis",-3.23983,-0.818545,-0.328241,-0,-2.01792,-20.0804,-5.54801,1.7819,-0.0208088,-34.2727,-25.6284,8.62963
N[C@@H](CCC(=O)N[C@@H](CS)C(=O)NCC(=O)[O-])C(=O)[O-],"",1,Done,32.02,-3.30325,"GPX_Neisseria-meningitidis",-3.30325,-0.535266,-0.762493,-0,-1.67233,-18.0708,-7.75697,1.7819,-0.0479776,-34.267,-25.8278,9.56367
N[C@@H](CCC(=O)N[C@@H](CS)C(=O)NCC(=O)[O-])C(=O)[O-],"",1,Done,32.03,-3.09801,"GPX_Neisseria-meningitidis",-3.09801,-0.597095,-0.469054,-0,-1.57714,-14.5257,-9.64831,1.7819,-0.0630966,-34.1931,-24.174,4.7626
N[C@@H](CCC(=O)N[C@@H](CS)C(=O)NCC(=O)[O-])C(=O)[O-],"",1,Done,32.03,-3.06714,"GPX_Neisseria-meningitidis",-3.06714,-0.71363,-0.268519,-0,-2.01346,-22.5766,-4.60922,1.7819,-0.0332132,-33.7878,-27.1859,11.336
N[C@@H](CCC(=O)N[C@@H](CS)C(=O)NCC(=O)[O-])C(=O)[O-],"",1,Done,32.03,-2.92017,"GPX_Neisseria-meningitidis",-2.92017,-0.615425,-0.342744,-0,-1.67116,-17.2636,-7.80066,1.7819,-0.039459,-33.4361,-25.0643,6.51102
N[C@@H](CCC(=O)N[C@@H](CS)C(=O)NCC(=O)[O-])C(=O)[O-],"",1,Done,32.03,-2.77193,"GPX_Neisseria-meningitidis",-2.77193,-0.301768,-0.335789,-0,-1.68692,-17.295,-8.80908,1.7819,-0.0432515,-33.3229,-26.1041,7.75284
N[C@@H](CCC(=O)N[C@@H](CS)C(=O)NCC(=O)[O-])C(=O)[O-],"",1,Done,32.04,-3.09862,"GPX_Neisseria-meningitidis",-3.09862,-0.556161,-0.489894,-0,-1.7039,-16.071,-8.38124,1.7819,-0.0698307,-32.9723,-24.4522,7.7656
N[C@@H](CCC(=O)N[C@@H](CS)C(=O)NCC(=O)[O-])C(=O)[O-],"",1,Done,32.04,-3.04744,"GPX_Neisseria-meningitidis",-3.04744,-0.850037,-0.351879,-0,-1.81424,-20.815,-4.75371,1.7819,-0.0593803,-32.8287,-25.5687,9.85582
N[C@@H](CCC(=O)N[C@@H](CS)C(=O)NCC(=O)[O-])C(=O)[O-],"",1,Done,32.04,-2.98956,"GPX_Neisseria-meningitidis",-2.98956,-0.679061,-0.268845,-0,-1.91314,-18.6436,-6.34596,1.7819,-0.0263373,-32.8225,-24.9896,8.25661
N[C@@H](CCC(=O)N[C@@H](CS)C(=O)NCC(=O)[O-])C(=O)[O-],"",1,Done,32.04,-3.24905,"GPX_Neisseria-meningitidis",-3.24905,-0.739395,-0.245408,-0,-2.13078,-18.8904,-6.14042,1.7819,-0.0497811,-32.4201,-25.0308,11.1852
N[C@@H](CCC(=O)N[C@@H](CS)C(=O)NCC(=O)[O-])C(=O)[O-],"",1,Done,32.05,-3.09286,"GPX_Neisseria-meningitidis",-3.09286,-0.744947,-0.274499,-0,-1.87121,-14.363,-8.29451,1.7819,-0.0217781,-32.3624,-22.6575,5.34943
N[C@@H](CCC(=O)N[C@@H](CS)C(=O)NCC(=O)[O-])C(=O)[O-],"",1,Done,32.05,-2.93013,"GPX_Neisseria-meningitidis",-2.93013,-0.882091,-0.2,-0,-1.78137,-18.5184,-5.73453,1.7819,-0.0624749,-30.4131,-24.2529,11.1135
N[C@@H](CCC(=O)N[C@@H](CS)C(=O)NCC(=O)[O-])C(=O)[O-],"",1,Done,32.05,-2.51891,"GPX_Neisseria-meningitidis",-2.51891,-0.316377,-0.301864,-0,-1.6869,-15.118,-8.01846,1.7819,-0.0369987,-29.9911,-23.1365,6.45533
N[C@@H](CCC(=O)N[C@@H](CS)C(=O)NCC(=O)[O-])C(=O)[O-],"",1,Done,32.05,-2.6646,"GPX_Neisseria-meningitidis",-2.6646,-0.562254,-0.500884,-0,-1.51024,-15.8234,-6.92413,1.7819,-0.0433437,-29.1458,-22.7475,8.45858
N[C@@H](CCC(=O)N[C@@H](CS)C(=O)NCC(=O)[O-])C(=O)[O-],"",1,Done,32.05,-2.63153,"GPX_Neisseria-meningitidis",-2.63153,-0.814741,0,-0,-2.13898,-19.2216,-3.13299,1.7819,-0.0286825,-29.101,-22.3546,7.55892
N[C@@H](CCC(=O)N[C@@H](CS)C(=O)NCC(=O)[O-])C(=O)[O-],"",1,Done,32.05,-2.4466,"GPX_Neisseria-meningitidis",-2.4466,-0.402784,-0.2,-0,-1.99599,-19.9809,-3.99733,1.7819,-0.0310871,-29.0063,-23.9783,9.50674
N[C@@H](CCC(=O)N[C@@H](CS)C(=O)NCC(=O)[O-])C(=O)[O-],"",1,Done,32.05,-2.9598,"GPX_Neisseria-meningitidis",-2.9598,-0.448905,-0.369577,-0,-1.94372,-17.677,-6.79085,1.7819,-0.0770264,-28.9138,-24.4678,14.8018
